Start,End,Open,High,Low,Close,Volume,Market
3/31/2013,4/1/2013,93.03,93.03,93.03,93.03,0,0
3/30/2013,3/31/2013,92.19,92.19,92.19,92.19,0,0
3/29/2013,3/30/2013,90.5,90.5,90.5,90.5,0,0
3/28/2013,3/29/2013,86.18,86.18,86.18,86.18,0,0
3/27/2013,3/28/2013,88.92,88.92,88.92,88.92,0,0
3/26/2013,3/27/2013,78.5,78.5,78.5,78.5,0,0
3/25/2013,3/26/2013,73.6,73.6,73.6,73.6,0,0
3/24/2013,3/25/2013,71.5,71.5,71.5,71.5,0,0
3/23/2013,3/24/2013,64.35,64.35,64.35,64.35,0,0
3/22/2013,3/23/2013,69.865,69.865,69.865,69.865,0,0
3/21/2013,3/22/2013,70.85,70.85,70.85,70.85,0,0
3/20/2013,3/21/2013,64.4888,64.4888,64.4888,64.4888,0,0
3/19/2013,3/20/2013,59.14,59.14,59.14,59.14,0,0
3/18/2013,3/19/2013,51.6,51.6,51.6,51.6,0,0
3/17/2013,3/18/2013,47.4,47.4,47.4,47.4,0,0
3/16/2013,3/17/2013,47.0002,47.0002,47.0002,47.0002,0,0
3/15/2013,3/16/2013,46.95,46.95,46.95,46.95,0,0
3/14/2013,3/15/2013,47.1696,47.1696,47.1696,47.1696,0,0
3/13/2013,3/14/2013,46.92,46.92,46.92,46.92,0,0
3/12/2013,3/13/2013,44.2899,44.2899,44.2899,44.2899,0,0
3/11/2013,3/12/2013,48.4,48.4,48.4,48.4,0,0
3/10/2013,3/11/2013,46,46,46,46,0,0
3/9/2013,3/10/2013,46.85,46.85,46.85,46.85,0,0
3/8/2013,3/9/2013,44.18,44.18,44.18,44.18,0,0
3/7/2013,3/8/2013,42,42,42,42,0,0
3/6/2013,3/7/2013,41.0201,41.0201,41.0201,41.0201,0,0
3/5/2013,3/6/2013,40.33,40.33,40.33,40.33,0,0
3/4/2013,3/5/2013,36.152,36.152,36.152,36.152,0,0
3/3/2013,3/4/2013,34.5,34.5,34.5,34.5,0,0
3/2/2013,3/3/2013,34.25,34.25,34.25,34.25,0,0
3/1/2013,3/2/2013,34.5,34.5,34.5,34.5,0,0
2/28/2013,3/1/2013,33.38,33.38,33.38,33.38,0,0
2/27/2013,2/28/2013,30.9012,30.9012,30.9012,30.9012,0,0
2/26/2013,2/27/2013,31.1,31.1,31.1,31.1,0,0
2/25/2013,2/26/2013,30.4,30.4,30.4,30.4,0,0
2/24/2013,2/25/2013,29.89,29.89,29.89,29.89,0,0
2/23/2013,2/24/2013,29.8,29.8,29.8,29.8,0,0
2/22/2013,2/23/2013,30.2454,30.2454,30.2454,30.2454,0,0
2/21/2013,2/22/2013,29.7477,29.7477,29.7477,29.7477,0,0
2/20/2013,2/21/2013,29.645,29.645,29.645,29.645,0,0
2/19/2013,2/20/2013,29.4176,29.4176,29.4176,29.4176,0,0
2/18/2013,2/19/2013,26.95,26.95,26.95,26.95,0,0
2/17/2013,2/18/2013,26.8146,26.8146,26.8146,26.8146,0,0
2/16/2013,2/17/2013,27.2158,27.2158,27.2158,27.2158,0,0
2/15/2013,2/16/2013,27.1,27.1,27.1,27.1,0,0
2/14/2013,2/15/2013,27.2205,27.2205,27.2205,27.2205,0,0
2/13/2013,2/14/2013,24.2,24.2,24.2,24.2,0,0
2/12/2013,2/13/2013,25.1698,25.1698,25.1698,25.1698,0,0
2/11/2013,2/12/2013,24.65,24.65,24.65,24.65,0,0
2/10/2013,2/11/2013,23.9698,23.9698,23.9698,23.9698,0,0
2/9/2013,2/10/2013,23.65,23.65,23.65,23.65,0,0
2/8/2013,2/9/2013,22.66,22.66,22.66,22.66,0,0
2/7/2013,2/8/2013,22.15,22.15,22.15,22.15,0,0
2/6/2013,2/7/2013,21.18,21.18,21.18,21.18,0,0
2/5/2013,2/6/2013,20.6,20.6,20.6,20.6,0,0
2/4/2013,2/5/2013,20.4301,20.4301,20.4301,20.4301,0,0
2/3/2013,2/4/2013,20.59,20.59,20.59,20.59,0,0
2/2/2013,2/3/2013,19.63,19.63,19.63,19.63,0,0
2/1/2013,2/2/2013,20.499,20.499,20.499,20.499,0,0
1/31/2013,2/1/2013,20.41,20.41,20.41,20.41,0,0
1/30/2013,1/31/2013,19.7,19.7,19.7,19.7,0,0
1/29/2013,1/30/2013,19.5254,19.5254,19.5254,19.5254,0,0
1/28/2013,1/29/2013,18.721,18.721,18.721,18.721,0,0
1/27/2013,1/28/2013,17.8182,17.8182,17.8182,17.8182,0,0
1/26/2013,1/27/2013,17.88,17.88,17.88,17.88,0,0
1/25/2013,1/26/2013,17.4,17.4,17.4,17.4,0,0
1/24/2013,1/25/2013,16.896,16.896,16.896,16.896,0,0
1/23/2013,1/24/2013,17.5,17.5,17.5,17.5,0,0
1/22/2013,1/23/2013,17.2614,17.2614,17.2614,17.2614,0,0
1/21/2013,1/22/2013,16.8,16.8,16.8,16.8,0,0
1/20/2013,1/21/2013,15.7,15.7,15.7,15.7,0,0
1/19/2013,1/20/2013,15.615,15.615,15.615,15.615,0,0
1/18/2013,1/19/2013,15.705,15.705,15.705,15.705,0,0
1/17/2013,1/18/2013,15.5,15.5,15.5,15.5,0,0
1/16/2013,1/17/2013,14.73,14.73,14.73,14.73,0,0
1/15/2013,1/16/2013,14.25,14.25,14.25,14.25,0,0
1/14/2013,1/15/2013,14.3,14.3,14.3,14.3,0,0
1/13/2013,1/14/2013,14.116,14.116,14.116,14.116,0,0
1/12/2013,1/13/2013,14.237,14.237,14.237,14.237,0,0
1/11/2013,1/12/2013,14.137,14.137,14.137,14.137,0,0
1/10/2013,1/11/2013,14.14,14.14,14.14,14.14,0,0
1/9/2013,1/10/2013,13.77,13.77,13.77,13.77,0,0
1/8/2013,1/9/2013,13.7428,13.7428,13.7428,13.7428,0,0
1/7/2013,1/8/2013,13.5876,13.5876,13.5876,13.5876,0,0
1/6/2013,1/7/2013,13.454,13.454,13.454,13.454,0,0
1/5/2013,1/6/2013,13.44,13.44,13.44,13.44,0,0
1/4/2013,1/5/2013,13.5,13.5,13.5,13.5,0,0
1/3/2013,1/4/2013,13.3979,13.3979,13.3979,13.3979,0,0
1/2/2013,1/3/2013,13.28,13.28,13.28,13.28,0,0
1/1/2013,1/2/2013,13.3041,13.3041,13.3041,13.3041,0,0
12/31/2012,1/1/2013,13.51,13.51,13.51,13.51,0,0
12/30/2012,12/31/2012,13.45,13.45,13.45,13.45,0,0
12/29/2012,12/30/2012,13.4,13.4,13.4,13.4,0,0
12/28/2012,12/29/2012,13.4212,13.4212,13.4212,13.4212,0,0
12/27/2012,12/28/2012,13.4217,13.4217,13.4217,13.4217,0,0
12/26/2012,12/27/2012,13.4679,13.4679,13.4679,13.4679,0,0
12/25/2012,12/26/2012,13.35,13.35,13.35,13.35,0,0
12/24/2012,12/25/2012,13.38,13.38,13.38,13.38,0,0
12/23/2012,12/24/2012,13.312,13.312,13.312,13.312,0,0
12/22/2012,12/23/2012,13.3714,13.3714,13.3714,13.3714,0,0
12/21/2012,12/22/2012,13.5,13.5,13.5,13.5,0,0
12/20/2012,12/21/2012,13.5246,13.5246,13.5246,13.5246,0,0
12/19/2012,12/20/2012,13.599,13.599,13.599,13.599,0,0
12/18/2012,12/19/2012,13.299,13.299,13.299,13.299,0,0
12/17/2012,12/18/2012,13.2501,13.2501,13.2501,13.2501,0,0
12/16/2012,12/17/2012,13.3,13.3,13.3,13.3,0,0
12/15/2012,12/16/2012,13.4901,13.4901,13.4901,13.4901,0,0
12/14/2012,12/15/2012,13.6,13.6,13.6,13.6,0,0
12/13/2012,12/14/2012,13.7001,13.7001,13.7001,13.7001,0,0
12/12/2012,12/13/2012,13.6989,13.6989,13.6989,13.6989,0,0
12/11/2012,12/12/2012,13.557,13.557,13.557,13.557,0,0
12/10/2012,12/11/2012,13.4334,13.4334,13.4334,13.4334,0,0
12/9/2012,12/10/2012,13.388,13.388,13.388,13.388,0,0
12/8/2012,12/9/2012,13.4201,13.4201,13.4201,13.4201,0,0
12/7/2012,12/8/2012,13.4999,13.4999,13.4999,13.4999,0,0
12/6/2012,12/7/2012,13.299,13.299,13.299,13.299,0,0
12/5/2012,12/6/2012,13.38,13.38,13.38,13.38,0,0
12/4/2012,12/5/2012,13.41,13.41,13.41,13.41,0,0
12/3/2012,12/4/2012,12.679,12.679,12.679,12.679,0,0
12/2/2012,12/3/2012,12.5,12.5,12.5,12.5,0,0
12/1/2012,12/2/2012,12.562,12.562,12.562,12.562,0,0
11/30/2012,12/1/2012,12.565,12.565,12.565,12.565,0,0
11/29/2012,11/30/2012,12.45,12.45,12.45,12.45,0,0
11/28/2012,11/29/2012,12.3477,12.3477,12.3477,12.3477,0,0
11/27/2012,11/28/2012,12.2,12.2,12.2,12.2,0,0
11/26/2012,11/27/2012,12.2455,12.2455,12.2455,12.2455,0,0
11/25/2012,11/26/2012,12.4821,12.4821,12.4821,12.4821,0,0
11/24/2012,11/25/2012,12.4115,12.4115,12.4115,12.4115,0,0
11/23/2012,11/24/2012,12.345,12.345,12.345,12.345,0,0
11/22/2012,11/23/2012,12.4219,12.4219,12.4219,12.4219,0,0
11/21/2012,11/22/2012,11.77,11.77,11.77,11.77,0,0
11/20/2012,11/21/2012,11.7328,11.7328,11.7328,11.7328,0,0
11/19/2012,11/20/2012,11.7999,11.7999,11.7999,11.7999,0,0
11/18/2012,11/19/2012,11.6515,11.6515,11.6515,11.6515,0,0
11/17/2012,11/18/2012,11.7889,11.7889,11.7889,11.7889,0,0
11/16/2012,11/17/2012,11.7489,11.7489,11.7489,11.7489,0,0
11/15/2012,11/16/2012,11.1977,11.1977,11.1977,11.1977,0,0
11/14/2012,11/15/2012,10.95,10.95,10.95,10.95,0,0
11/13/2012,11/14/2012,10.9512,10.9512,10.9512,10.9512,0,0
11/12/2012,11/13/2012,11.008,11.008,11.008,11.008,0,0
11/11/2012,11/12/2012,10.8687,10.8687,10.8687,10.8687,0,0
11/10/2012,11/11/2012,10.89,10.89,10.89,10.89,0,0
11/9/2012,11/10/2012,10.815,10.815,10.815,10.815,0,0
11/8/2012,11/9/2012,10.925,10.925,10.925,10.925,0,0
11/7/2012,11/8/2012,10.92,10.92,10.92,10.92,0,0
11/6/2012,11/7/2012,10.899,10.899,10.899,10.899,0,0
11/5/2012,11/6/2012,10.748,10.748,10.748,10.748,0,0
11/4/2012,11/5/2012,10.8001,10.8001,10.8001,10.8001,0,0
11/3/2012,11/4/2012,10.6425,10.6425,10.6425,10.6425,0,0
11/2/2012,11/3/2012,10.4688,10.4688,10.4688,10.4688,0,0
11/1/2012,11/2/2012,10.57,10.57,10.57,10.57,0,0
10/31/2012,11/1/2012,11.201,11.201,11.201,11.201,0,0
10/30/2012,10/31/2012,10.8875,10.8875,10.8875,10.8875,0,0
10/29/2012,10/30/2012,10.6,10.6,10.6,10.6,0,0
10/28/2012,10/29/2012,10.7,10.7,10.7,10.7,0,0
10/27/2012,10/28/2012,10.2605,10.2605,10.2605,10.2605,0,0
10/26/2012,10/27/2012,10.1706,10.1706,10.1706,10.1706,0,0
10/25/2012,10/26/2012,10.8616,10.8616,10.8616,10.8616,0,0
10/24/2012,10/25/2012,11.65,11.65,11.65,11.65,0,0
10/23/2012,10/24/2012,11.65,11.65,11.65,11.65,0,0
10/22/2012,10/23/2012,11.7101,11.7101,11.7101,11.7101,0,0
10/21/2012,10/22/2012,11.6311,11.6311,11.6311,11.6311,0,0
10/20/2012,10/21/2012,11.7399,11.7399,11.7399,11.7399,0,0
10/19/2012,10/20/2012,11.7401,11.7401,11.7401,11.7401,0,0
10/18/2012,10/19/2012,11.9398,11.9398,11.9398,11.9398,0,0
10/17/2012,10/18/2012,11.81,11.81,11.81,11.81,0,0
10/16/2012,10/17/2012,11.8499,11.8499,11.8499,11.8499,0,0
10/15/2012,10/16/2012,11.8381,11.8381,11.8381,11.8381,0,0
10/14/2012,10/15/2012,11.7389,11.7389,11.7389,11.7389,0,0
10/13/2012,10/14/2012,11.861,11.861,11.861,11.861,0,0
10/12/2012,10/13/2012,12,12,12,12,0,0
10/11/2012,10/12/2012,12.03,12.03,12.03,12.03,0,0
10/10/2012,10/11/2012,12.12,12.12,12.12,12.12,0,0
10/9/2012,10/10/2012,11.895,11.895,11.895,11.895,0,0
10/8/2012,10/9/2012,11.7781,11.7781,11.7781,11.7781,0,0
10/7/2012,10/8/2012,11.8,11.8,11.8,11.8,0,0
10/6/2012,10/7/2012,12.505,12.505,12.505,12.505,0,0
10/5/2012,10/6/2012,12.688,12.688,12.688,12.688,0,0
10/4/2012,10/5/2012,12.85,12.85,12.85,12.85,0,0
10/3/2012,10/4/2012,12.89,12.89,12.89,12.89,0,0
10/2/2012,10/3/2012,12.84,12.84,12.84,12.84,0,0
10/1/2012,10/2/2012,12.4,12.4,12.4,12.4,0,0
9/30/2012,10/1/2012,12.4,12.4,12.4,12.4,0,0
9/29/2012,9/30/2012,12.3631,12.3631,12.3631,12.3631,0,0
9/28/2012,9/29/2012,12.391,12.391,12.391,12.391,0,0
9/27/2012,9/28/2012,12.3089,12.3089,12.3089,12.3089,0,0
9/26/2012,9/27/2012,12.27,12.27,12.27,12.27,0,0
9/25/2012,9/26/2012,12.197,12.197,12.197,12.197,0,0
9/24/2012,9/25/2012,12.1,12.1,12.1,12.1,0,0
9/23/2012,9/24/2012,12.1933,12.1933,12.1933,12.1933,0,0
9/22/2012,9/23/2012,12.2378,12.2378,12.2378,12.2378,0,0
9/21/2012,9/22/2012,12.368,12.368,12.368,12.368,0,0
9/20/2012,9/21/2012,12.2825,12.2825,12.2825,12.2825,0,0
9/19/2012,9/20/2012,12.5725,12.5725,12.5725,12.5725,0,0
9/18/2012,9/19/2012,12.25,12.25,12.25,12.25,0,0
9/17/2012,9/18/2012,11.89,11.89,11.89,11.89,0,0
9/16/2012,9/17/2012,11.87,11.87,11.87,11.87,0,0
9/15/2012,9/16/2012,11.75,11.75,11.75,11.75,0,0
9/14/2012,9/15/2012,11.67,11.67,11.67,11.67,0,0
9/13/2012,9/14/2012,11.399,11.399,11.399,11.399,0,0
9/12/2012,9/13/2012,11.3649,11.3649,11.3649,11.3649,0,0
9/11/2012,9/12/2012,11.3308,11.3308,11.3308,11.3308,0,0
9/10/2012,9/11/2012,11.17,11.17,11.17,11.17,0,0
9/9/2012,9/10/2012,11.02,11.02,11.02,11.02,0,0
9/8/2012,9/9/2012,11.037,11.037,11.037,11.037,0,0
9/7/2012,9/8/2012,11,11,11,11,0,0
9/6/2012,9/7/2012,11.181,11.181,11.181,11.181,0,0
9/5/2012,9/6/2012,10.9997,10.9997,10.9997,10.9997,0,0
9/4/2012,9/5/2012,10.3847,10.3847,10.3847,10.3847,0,0
9/3/2012,9/4/2012,10.53,10.53,10.53,10.53,0,0
9/2/2012,9/3/2012,10.2041,10.2041,10.2041,10.2041,0,0
9/1/2012,9/2/2012,9.9654,9.9654,9.9654,9.9654,0,0
8/31/2012,9/1/2012,10.16,10.16,10.16,10.16,0,0
8/30/2012,8/31/2012,10.777,10.777,10.777,10.777,0,0
8/29/2012,8/30/2012,10.9169,10.9169,10.9169,10.9169,0,0
8/28/2012,8/29/2012,10.94,10.94,10.94,10.94,0,0
8/27/2012,8/28/2012,10.95,10.95,10.95,10.95,0,0
8/26/2012,8/27/2012,10.61,10.61,10.61,10.61,0,0
8/25/2012,8/26/2012,10.5239,10.5239,10.5239,10.5239,0,0
8/24/2012,8/25/2012,10.6,10.6,10.6,10.6,0,0
8/23/2012,8/24/2012,10.1,10.1,10.1,10.1,0,0
8/22/2012,8/23/2012,9.8068,9.8068,9.8068,9.8068,0,0
8/21/2012,8/22/2012,9.915,9.915,9.915,9.915,0,0
8/20/2012,8/21/2012,10.1,10.1,10.1,10.1,0,0
8/19/2012,8/20/2012,8,8,8,8,0,0
8/18/2012,8/19/2012,11.61,11.61,11.61,11.61,0,0
8/17/2012,8/18/2012,11.5836,11.5836,11.5836,11.5836,0,0
8/16/2012,8/17/2012,13.5,13.5,13.5,13.5,0,0
8/15/2012,8/16/2012,13.25,13.25,13.25,13.25,0,0
8/14/2012,8/15/2012,12.19,12.19,12.19,12.19,0,0
8/13/2012,8/14/2012,12.0375,12.0375,12.0375,12.0375,0,0
8/12/2012,8/13/2012,11.624,11.624,11.624,11.624,0,0
8/11/2012,8/12/2012,11.5102,11.5102,11.5102,11.5102,0,0
8/10/2012,8/11/2012,11.3864,11.3864,11.3864,11.3864,0,0
8/9/2012,8/10/2012,11.0611,11.0611,11.0611,11.0611,0,0
8/8/2012,8/9/2012,11.0553,11.0553,11.0553,11.0553,0,0
8/7/2012,8/8/2012,11.1,11.1,11.1,11.1,0,0
8/6/2012,8/7/2012,10.8552,10.8552,10.8552,10.8552,0,0
8/5/2012,8/6/2012,10.87,10.87,10.87,10.87,0,0
8/4/2012,8/5/2012,10.984,10.984,10.984,10.984,0,0
8/3/2012,8/4/2012,10.97,10.97,10.97,10.97,0,0
8/2/2012,8/3/2012,10.53,10.53,10.53,10.53,0,0
8/1/2012,8/2/2012,9.5503,9.5503,9.5503,9.5503,0,0
7/31/2012,8/1/2012,9.35,9.35,9.35,9.35,0,0
7/30/2012,7/31/2012,9.098,9.098,9.098,9.098,0,0
7/29/2012,7/30/2012,8.7103,8.7103,8.7103,8.7103,0,0
7/28/2012,7/29/2012,8.8881,8.8881,8.8881,8.8881,0,0
7/27/2012,7/28/2012,8.9,8.9,8.9,8.9,0,0
7/26/2012,7/27/2012,8.9,8.9,8.9,8.9,0,0
7/25/2012,7/26/2012,8.8,8.8,8.8,8.8,0,0
7/24/2012,7/25/2012,8.6,8.6,8.6,8.6,0,0
7/23/2012,7/24/2012,8.4457,8.4457,8.4457,8.4457,0,0
7/22/2012,7/23/2012,8.4096,8.4096,8.4096,8.4096,0,0
7/21/2012,7/22/2012,8.8455,8.8455,8.8455,8.8455,0,0
7/20/2012,7/21/2012,8.52,8.52,8.52,8.52,0,0
7/19/2012,7/20/2012,8.87,8.87,8.87,8.87,0,0
7/18/2012,7/19/2012,9.1098,9.1098,9.1098,9.1098,0,0
7/17/2012,7/18/2012,8.8,8.8,8.8,8.8,0,0
7/16/2012,7/17/2012,8.4996,8.4996,8.4996,8.4996,0,0
7/15/2012,7/16/2012,7.621,7.621,7.621,7.621,0,0
7/14/2012,7/15/2012,7.5421,7.5421,7.5421,7.5421,0,0
7/13/2012,7/14/2012,7.6651,7.6651,7.6651,7.6651,0,0
7/12/2012,7/13/2012,7.7644,7.7644,7.7644,7.7644,0,0
7/11/2012,7/12/2012,7.15,7.15,7.15,7.15,0,0
7/10/2012,7/11/2012,7.1999,7.1999,7.1999,7.1999,0,0
7/9/2012,7/10/2012,7.0215,7.0215,7.0215,7.0215,0,0
7/8/2012,7/9/2012,6.799,6.799,6.799,6.799,0,0
7/7/2012,7/8/2012,6.7621,6.7621,6.7621,6.7621,0,0
7/6/2012,7/7/2012,6.6481,6.6481,6.6481,6.6481,0,0
7/5/2012,7/6/2012,6.67,6.67,6.67,6.67,0,0
7/4/2012,7/5/2012,6.5101,6.5101,6.5101,6.5101,0,0
7/3/2012,7/4/2012,6.4499,6.4499,6.4499,6.4499,0,0
7/2/2012,7/3/2012,6.76,6.76,6.76,6.76,0,0
7/1/2012,7/2/2012,6.629,6.629,6.629,6.629,0,0
6/30/2012,7/1/2012,6.69,6.69,6.69,6.69,0,0
6/29/2012,6/30/2012,6.65,6.65,6.65,6.65,0,0
6/28/2012,6/29/2012,6.6059,6.6059,6.6059,6.6059,0,0
6/27/2012,6/28/2012,6.647,6.647,6.647,6.647,0,0
6/26/2012,6/27/2012,6.4195,6.4195,6.4195,6.4195,0,0
6/25/2012,6/26/2012,6.3048,6.3048,6.3048,6.3048,0,0
6/24/2012,6/25/2012,6.35,6.35,6.35,6.35,0,0
6/23/2012,6/24/2012,6.4285,6.4285,6.4285,6.4285,0,0
6/22/2012,6/23/2012,6.5478,6.5478,6.5478,6.5478,0,0
6/21/2012,6/22/2012,6.6801,6.6801,6.6801,6.6801,0,0
6/20/2012,6/21/2012,6.67,6.67,6.67,6.67,0,0
6/19/2012,6/20/2012,6.4988,6.4988,6.4988,6.4988,0,0
6/18/2012,6/19/2012,6.31,6.31,6.31,6.31,0,0
6/17/2012,6/18/2012,6.1638,6.1638,6.1638,6.1638,0,0
6/16/2012,6/17/2012,6.4,6.4,6.4,6.4,0,0
6/15/2012,6/16/2012,6.5,6.5,6.5,6.5,0,0
6/14/2012,6/15/2012,5.9541,5.9541,5.9541,5.9541,0,0
6/13/2012,6/14/2012,5.929,5.929,5.929,5.929,0,0
6/12/2012,6/13/2012,5.7,5.7,5.7,5.7,0,0
6/11/2012,6/12/2012,5.5747,5.5747,5.5747,5.5747,0,0
6/10/2012,6/11/2012,5.4683,5.4683,5.4683,5.4683,0,0
6/9/2012,6/10/2012,5.56,5.56,5.56,5.56,0,0
6/8/2012,6/9/2012,5.633,5.633,5.633,5.633,0,0
6/7/2012,6/8/2012,5.591,5.591,5.591,5.591,0,0
6/6/2012,6/7/2012,5.46,5.46,5.46,5.46,0,0
6/5/2012,6/6/2012,5.44,5.44,5.44,5.44,0,0
6/4/2012,6/5/2012,5.266,5.266,5.266,5.266,0,0
6/3/2012,6/4/2012,5.2051,5.2051,5.2051,5.2051,0,0
6/2/2012,6/3/2012,5.249,5.249,5.249,5.249,0,0
6/1/2012,6/2/2012,5.2748,5.2748,5.2748,5.2748,0,0
5/31/2012,6/1/2012,5.1801,5.1801,5.1801,5.1801,0,0
5/30/2012,5/31/2012,5.135,5.135,5.135,5.135,0,0
5/29/2012,5/30/2012,5.15,5.15,5.15,5.15,0,0
5/28/2012,5/29/2012,5.1358,5.1358,5.1358,5.1358,0,0
5/27/2012,5/28/2012,5.139,5.139,5.139,5.139,0,0
5/26/2012,5/27/2012,5.1032,5.1032,5.1032,5.1032,0,0
5/25/2012,5/26/2012,5.1455,5.1455,5.1455,5.1455,0,0
5/24/2012,5/25/2012,5.119,5.119,5.119,5.119,0,0
5/23/2012,5/24/2012,5.1397,5.1397,5.1397,5.1397,0,0
5/22/2012,5/23/2012,5.0988,5.0988,5.0988,5.0988,0,0
5/21/2012,5/22/2012,5.0998,5.0998,5.0998,5.0998,0,0
5/20/2012,5/21/2012,5.09,5.09,5.09,5.09,0,0
5/19/2012,5/20/2012,5.0995,5.0995,5.0995,5.0995,0,0
5/18/2012,5/19/2012,5.118,5.118,5.118,5.118,0,0
5/17/2012,5/18/2012,5.0998,5.0998,5.0998,5.0998,0,0
5/16/2012,5/17/2012,5.0887,5.0887,5.0887,5.0887,0,0
5/15/2012,5/16/2012,5.035,5.035,5.035,5.035,0,0
5/14/2012,5/15/2012,5.0059,5.0059,5.0059,5.0059,0,0
5/13/2012,5/14/2012,4.93,4.93,4.93,4.93,0,0
5/12/2012,5/13/2012,4.9462,4.9462,4.9462,4.9462,0,0
5/11/2012,5/12/2012,4.96,4.96,4.96,4.96,0,0
5/10/2012,5/11/2012,4.85,4.85,4.85,4.85,0,0
5/9/2012,5/10/2012,5.0437,5.0437,5.0437,5.0437,0,0
5/8/2012,5/9/2012,5.05,5.05,5.05,5.05,0,0
5/7/2012,5/8/2012,5.06,5.06,5.06,5.06,0,0
5/6/2012,5/7/2012,5.0499,5.0499,5.0499,5.0499,0,0
5/5/2012,5/6/2012,5.077,5.077,5.077,5.077,0,0
5/4/2012,5/5/2012,5.067,5.067,5.067,5.067,0,0
5/3/2012,5/4/2012,5.1344,5.1344,5.1344,5.1344,0,0
5/2/2012,5/3/2012,5.0737,5.0737,5.0737,5.0737,0,0
5/1/2012,5/2/2012,5,5,5,5,0,0
4/30/2012,5/1/2012,4.9491,4.9491,4.9491,4.9491,0,0
4/29/2012,4/30/2012,4.9044,4.9044,4.9044,4.9044,0,0
4/28/2012,4/29/2012,4.9794,4.9794,4.9794,4.9794,0,0
4/27/2012,4/28/2012,5.1095,5.1095,5.1095,5.1095,0,0
4/26/2012,4/27/2012,5.0976,5.0976,5.0976,5.0976,0,0
4/25/2012,4/26/2012,5.1318,5.1318,5.1318,5.1318,0,0
4/24/2012,4/25/2012,5.0982,5.0982,5.0982,5.0982,0,0
4/23/2012,4/24/2012,4.96,4.96,4.96,4.96,0,0
4/22/2012,4/23/2012,5.2035,5.2035,5.2035,5.2035,0,0
4/21/2012,4/22/2012,5.2601,5.2601,5.2601,5.2601,0,0
4/20/2012,4/21/2012,5.35,5.35,5.35,5.35,0,0
4/19/2012,4/20/2012,5.1377,5.1377,5.1377,5.1377,0,0
4/18/2012,4/19/2012,5.1178,5.1178,5.1178,5.1178,0,0
4/17/2012,4/18/2012,4.9759,4.9759,4.9759,4.9759,0,0
4/16/2012,4/17/2012,4.932,4.932,4.932,4.932,0,0
4/15/2012,4/16/2012,4.9689,4.9689,4.9689,4.9689,0,0
4/14/2012,4/15/2012,4.9597,4.9597,4.9597,4.9597,0,0
4/13/2012,4/14/2012,4.94,4.94,4.94,4.94,0,0
4/12/2012,4/13/2012,4.9197,4.9197,4.9197,4.9197,0,0
4/11/2012,4/12/2012,4.9279,4.9279,4.9279,4.9279,0,0
4/10/2012,4/11/2012,4.8367,4.8367,4.8367,4.8367,0,0
4/9/2012,4/10/2012,4.8719,4.8719,4.8719,4.8719,0,0
4/8/2012,4/9/2012,4.7925,4.7925,4.7925,4.7925,0,0
4/7/2012,4/8/2012,4.6872,4.6872,4.6872,4.6872,0,0
4/6/2012,4/7/2012,4.9499,4.9499,4.9499,4.9499,0,0
4/5/2012,4/6/2012,4.919,4.919,4.919,4.919,0,0
4/4/2012,4/5/2012,4.9101,4.9101,4.9101,4.9101,0,0
4/3/2012,4/4/2012,4.952,4.952,4.952,4.952,0,0
4/2/2012,4/3/2012,4.974,4.974,4.974,4.974,0,0
4/1/2012,4/2/2012,4.827,4.827,4.827,4.827,0,0
3/31/2012,4/1/2012,4.9087,4.9087,4.9087,4.9087,0,0
3/30/2012,3/31/2012,4.86,4.86,4.86,4.86,0,0
3/29/2012,3/30/2012,4.8084,4.8084,4.8084,4.8084,0,0
3/28/2012,3/29/2012,4.788,4.788,4.788,4.788,0,0
3/27/2012,3/28/2012,4.8113,4.8113,4.8113,4.8113,0,0
3/26/2012,3/27/2012,4.6191,4.6191,4.6191,4.6191,0,0
3/25/2012,3/26/2012,4.55,4.55,4.55,4.55,0,0
3/24/2012,3/25/2012,4.676,4.676,4.676,4.676,0,0
3/23/2012,3/24/2012,4.686,4.686,4.686,4.686,0,0
3/22/2012,3/23/2012,4.7043,4.7043,4.7043,4.7043,0,0
3/21/2012,3/22/2012,4.8149,4.8149,4.8149,4.8149,0,0
3/20/2012,3/21/2012,4.8379,4.8379,4.8379,4.8379,0,0
3/19/2012,3/20/2012,4.6939,4.6939,4.6939,4.6939,0,0
3/18/2012,3/19/2012,5.2794,5.2794,5.2794,5.2794,0,0
3/17/2012,3/18/2012,5.2159,5.2159,5.2159,5.2159,0,0
3/16/2012,3/17/2012,5.3439,5.3439,5.3439,5.3439,0,0
3/15/2012,3/16/2012,5.3266,5.3266,5.3266,5.3266,0,0
3/14/2012,3/15/2012,5.38,5.38,5.38,5.38,0,0
3/13/2012,3/14/2012,5.27,5.27,5.27,5.27,0,0
3/12/2012,3/13/2012,4.8901,4.8901,4.8901,4.8901,0,0
3/11/2012,3/12/2012,4.91,4.91,4.91,4.91,0,0
3/10/2012,3/11/2012,4.8332,4.8332,4.8332,4.8332,0,0
3/9/2012,3/10/2012,4.8611,4.8611,4.8611,4.8611,0,0
3/8/2012,3/9/2012,4.9302,4.9302,4.9302,4.9302,0,0
3/7/2012,3/8/2012,4.9375,4.9375,4.9375,4.9375,0,0
3/6/2012,3/7/2012,4.9901,4.9901,4.9901,4.9901,0,0
3/5/2012,3/6/2012,4.9843,4.9843,4.9843,4.9843,0,0
3/4/2012,3/5/2012,4.82,4.82,4.82,4.82,0,0
3/3/2012,3/4/2012,4.6144,4.6144,4.6144,4.6144,0,0
3/2/2012,3/3/2012,4.705,4.705,4.705,4.705,0,0
3/1/2012,3/2/2012,4.9213,4.9213,4.9213,4.9213,0,0
2/29/2012,3/1/2012,4.86,4.86,4.86,4.86,0,0
2/28/2012,2/29/2012,4.868,4.868,4.868,4.868,0,0
2/27/2012,2/28/2012,4.956,4.956,4.956,4.956,0,0
2/26/2012,2/27/2012,4.922,4.922,4.922,4.922,0,0
2/25/2012,2/26/2012,4.773,4.773,4.773,4.773,0,0
2/24/2012,2/25/2012,5.0288,5.0288,5.0288,5.0288,0,0
2/23/2012,2/24/2012,5.015,5.015,5.015,5.015,0,0
2/22/2012,2/23/2012,4.4247,4.4247,4.4247,4.4247,0,0
2/21/2012,2/22/2012,4.272,4.272,4.272,4.272,0,0
2/20/2012,2/21/2012,4.3615,4.3615,4.3615,4.3615,0,0
2/19/2012,2/20/2012,4.3867,4.3867,4.3867,4.3867,0,0
2/18/2012,2/19/2012,4.222,4.222,4.222,4.222,0,0
2/17/2012,2/18/2012,4.41,4.41,4.41,4.41,0,0
2/16/2012,2/17/2012,4.2739,4.2739,4.2739,4.2739,0,0
2/15/2012,2/16/2012,4.3251,4.3251,4.3251,4.3251,0,0
2/14/2012,2/15/2012,4.4629,4.4629,4.4629,4.4629,0,0
2/13/2012,2/14/2012,5.26,5.26,5.26,5.26,0,0
2/12/2012,2/13/2012,5.5147,5.5147,5.5147,5.5147,0,0
2/11/2012,2/12/2012,5.6005,5.6005,5.6005,5.6005,0,0
2/10/2012,2/11/2012,5.9126,5.9126,5.9126,5.9126,0,0
2/9/2012,2/10/2012,5.83,5.83,5.83,5.83,0,0
2/8/2012,2/9/2012,5.6,5.6,5.6,5.6,0,0
2/7/2012,2/8/2012,5.69,5.69,5.69,5.69,0,0
2/6/2012,2/7/2012,5.4535,5.4535,5.4535,5.4535,0,0
2/5/2012,2/6/2012,5.6888,5.6888,5.6888,5.6888,0,0
2/4/2012,2/5/2012,5.8734,5.8734,5.8734,5.8734,0,0
2/3/2012,2/4/2012,5.9593,5.9593,5.9593,5.9593,0,0
2/2/2012,2/3/2012,6.1,6.1,6.1,6.1,0,0
2/1/2012,2/2/2012,6.0756,6.0756,6.0756,6.0756,0,0
1/31/2012,2/1/2012,5.4838,5.4838,5.4838,5.4838,0,0
1/30/2012,1/31/2012,5.4905,5.4905,5.4905,5.4905,0,0
1/29/2012,1/30/2012,5.3809,5.3809,5.3809,5.3809,0,0
1/28/2012,1/29/2012,5.6267,5.6267,5.6267,5.6267,0,0
1/27/2012,1/28/2012,5.292,5.292,5.292,5.292,0,0
1/26/2012,1/27/2012,5.34,5.34,5.34,5.34,0,0
1/25/2012,1/26/2012,5.75,5.75,5.75,5.75,0,0
1/24/2012,1/25/2012,6.2898,6.2898,6.2898,6.2898,0,0
1/23/2012,1/24/2012,6.356,6.356,6.356,6.356,0,0
1/22/2012,1/23/2012,6.3097,6.3097,6.3097,6.3097,0,0
1/21/2012,1/22/2012,6.18,6.18,6.18,6.18,0,0
1/20/2012,1/21/2012,6.4898,6.4898,6.4898,6.4898,0,0
1/19/2012,1/20/2012,6.3598,6.3598,6.3598,6.3598,0,0
1/18/2012,1/19/2012,5.92,5.92,5.92,5.92,0,0
1/17/2012,1/18/2012,5.6,5.6,5.6,5.6,0,0
1/16/2012,1/17/2012,6.6825,6.6825,6.6825,6.6825,0,0
1/15/2012,1/16/2012,7.0018,7.0018,7.0018,7.0018,0,0
1/14/2012,1/15/2012,6.75,6.75,6.75,6.75,0,0
1/13/2012,1/14/2012,6.41,6.41,6.41,6.41,0,0
1/12/2012,1/13/2012,6.8,6.8,6.8,6.8,0,0
1/11/2012,1/12/2012,6.9,6.9,6.9,6.9,0,0
1/10/2012,1/11/2012,6.36,6.36,6.36,6.36,0,0
1/9/2012,1/10/2012,6.3257,6.3257,6.3257,6.3257,0,0
1/8/2012,1/9/2012,7.1136,7.1136,7.1136,7.1136,0,0
1/7/2012,1/8/2012,6.81,6.81,6.81,6.81,0,0
1/6/2012,1/7/2012,6.6969,6.6969,6.6969,6.6969,0,0
1/5/2012,1/6/2012,6.9476,6.9476,6.9476,6.9476,0,0
1/4/2012,1/5/2012,5.5738,5.5738,5.5738,5.5738,0,0
1/3/2012,1/4/2012,4.8808,4.8808,4.8808,4.8808,0,0
1/2/2012,1/3/2012,5.2168,5.2168,5.2168,5.2168,0,0
1/1/2012,1/2/2012,5.2677,5.2677,5.2677,5.2677,0,0
12/31/2011,1/1/2012,4.722,4.722,4.722,4.722,0,0
12/30/2011,12/31/2011,4.248,4.248,4.248,4.248,0,0
12/29/2011,12/30/2011,4.166,4.166,4.166,4.166,0,0
12/28/2011,12/29/2011,4.1855,4.1855,4.1855,4.1855,0,0
12/27/2011,12/28/2011,4.07,4.07,4.07,4.07,0,0
12/26/2011,12/27/2011,4.018,4.018,4.018,4.018,0,0
12/25/2011,12/26/2011,4.225,4.225,4.225,4.225,0,0
12/24/2011,12/25/2011,3.94,3.94,3.94,3.94,0,0
12/23/2011,12/24/2011,3.9468,3.9468,3.9468,3.9468,0,0
12/22/2011,12/23/2011,3.8901,3.8901,3.8901,3.8901,0,0
12/21/2011,12/22/2011,3.89,3.89,3.89,3.89,0,0
12/20/2011,12/21/2011,3.95,3.95,3.95,3.95,0,0
12/19/2011,12/20/2011,3.5202,3.5202,3.5202,3.5202,0,0
12/18/2011,12/19/2011,3.193,3.193,3.193,3.193,0,0
12/17/2011,12/18/2011,3.2001,3.2001,3.2001,3.2001,0,0
12/16/2011,12/17/2011,3.2,3.2,3.2,3.2,0,0
12/15/2011,12/16/2011,3.2,3.2,3.2,3.2,0,0
12/14/2011,12/15/2011,3.15,3.15,3.15,3.15,0,0
12/13/2011,12/14/2011,3.2499,3.2499,3.2499,3.2499,0,0
12/12/2011,12/13/2011,3.135,3.135,3.135,3.135,0,0
12/11/2011,12/12/2011,3.2511,3.2511,3.2511,3.2511,0,0
12/10/2011,12/11/2011,3.05,3.05,3.05,3.05,0,0
12/9/2011,12/10/2011,2.97,2.97,2.97,2.97,0,0
12/8/2011,12/9/2011,2.98,2.98,2.98,2.98,0,0
12/7/2011,12/8/2011,2.99,2.99,2.99,2.99,0,0
12/6/2011,12/7/2011,3.03,3.03,3.03,3.03,0,0
12/5/2011,12/6/2011,2.8798,2.8798,2.8798,2.8798,0,0
12/4/2011,12/5/2011,2.8281,2.8281,2.8281,2.8281,0,0
12/3/2011,12/4/2011,2.794,2.794,2.794,2.794,0,0
12/2/2011,12/3/2011,3.1151,3.1151,3.1151,3.1151,0,0
12/1/2011,12/2/2011,3.06,3.06,3.06,3.06,0,0
11/30/2011,12/1/2011,2.9701,2.9701,2.9701,2.9701,0,0
11/29/2011,11/30/2011,2.7502,2.7502,2.7502,2.7502,0,0
11/28/2011,11/29/2011,2.55,2.55,2.55,2.55,0,0
11/27/2011,11/28/2011,2.4799,2.4799,2.4799,2.4799,0,0
11/26/2011,11/27/2011,2.47,2.47,2.47,2.47,0,0
11/25/2011,11/26/2011,2.5061,2.5061,2.5061,2.5061,0,0
11/24/2011,11/25/2011,2.4321,2.4321,2.4321,2.4321,0,0
11/23/2011,11/24/2011,2.3321,2.3321,2.3321,2.3321,0,0
11/22/2011,11/23/2011,2.3289,2.3289,2.3289,2.3289,0,0
11/21/2011,11/22/2011,2.294,2.294,2.294,2.294,0,0
11/20/2011,11/21/2011,2.2,2.2,2.2,2.2,0,0
11/19/2011,11/20/2011,2.1959,2.1959,2.1959,2.1959,0,0
11/18/2011,11/19/2011,2.05,2.05,2.05,2.05,0,0
11/17/2011,11/18/2011,2.25,2.25,2.25,2.25,0,0
11/16/2011,11/17/2011,2.5604,2.5604,2.5604,2.5604,0,0
11/15/2011,11/16/2011,2.329,2.329,2.329,2.329,0,0
11/14/2011,11/15/2011,2.22,2.22,2.22,2.22,0,0
11/13/2011,11/14/2011,2.9969,2.9969,2.9969,2.9969,0,0
11/12/2011,11/13/2011,3.031,3.031,3.031,3.031,0,0
11/11/2011,11/12/2011,3.08,3.08,3.08,3.08,0,0
11/10/2011,11/11/2011,2.8399,2.8399,2.8399,2.8399,0,0
11/9/2011,11/10/2011,2.95,2.95,2.95,2.95,0,0
11/8/2011,11/9/2011,3.035,3.035,3.035,3.035,0,0
11/7/2011,11/8/2011,3.0068,3.0068,3.0068,3.0068,0,0
11/6/2011,11/7/2011,2.9596,2.9596,2.9596,2.9596,0,0
11/5/2011,11/6/2011,2.97,2.97,2.97,2.97,0,0
11/4/2011,11/5/2011,3.109,3.109,3.109,3.109,0,0
11/3/2011,11/4/2011,3.152,3.152,3.152,3.152,0,0
11/2/2011,11/3/2011,3.2543,3.2543,3.2543,3.2543,0,0
11/1/2011,11/2/2011,3.15,3.15,3.15,3.15,0,0
10/31/2011,11/1/2011,3.248,3.248,3.248,3.248,0,0
10/30/2011,10/31/2011,3.27,3.27,3.27,3.27,0,0
10/29/2011,10/30/2011,3.5811,3.5811,3.5811,3.5811,0,0
10/28/2011,10/29/2011,3.19,3.19,3.19,3.19,0,0
10/27/2011,10/28/2011,3.04,3.04,3.04,3.04,0,0
10/26/2011,10/27/2011,2.773,2.773,2.773,2.773,0,0
10/25/2011,10/26/2011,2.77,2.77,2.77,2.77,0,0
10/24/2011,10/25/2011,2.545,2.545,2.545,2.545,0,0
10/23/2011,10/24/2011,3.17,3.17,3.17,3.17,0,0
10/22/2011,10/23/2011,3.1588,3.1588,3.1588,3.1588,0,0
10/21/2011,10/22/2011,2.57,2.57,2.57,2.57,0,0
10/20/2011,10/21/2011,2.348,2.348,2.348,2.348,0,0
10/19/2011,10/20/2011,2.27,2.27,2.27,2.27,0,0
10/18/2011,10/19/2011,2.419,2.419,2.419,2.419,0,0
10/17/2011,10/18/2011,2.56,2.56,2.56,2.56,0,0
10/16/2011,10/17/2011,3.557,3.557,3.557,3.557,0,0
10/15/2011,10/16/2011,3.8421,3.8421,3.8421,3.8421,0,0
10/14/2011,10/15/2011,3.9879,3.9879,3.9879,3.9879,0,0
10/13/2011,10/14/2011,4.0462,4.0462,4.0462,4.0462,0,0
10/12/2011,10/13/2011,4.15,4.15,4.15,4.15,0,0
10/11/2011,10/12/2011,3.9308,3.9308,3.9308,3.9308,0,0
10/10/2011,10/11/2011,4.1,4.1,4.1,4.1,0,0
10/9/2011,10/10/2011,4.1029,4.1029,4.1029,4.1029,0,0
10/8/2011,10/9/2011,4.0075,4.0075,4.0075,4.0075,0,0
10/7/2011,10/8/2011,4.2728,4.2728,4.2728,4.2728,0,0
10/6/2011,10/7/2011,4.7344,4.7344,4.7344,4.7344,0,0
10/5/2011,10/6/2011,4.87,4.87,4.87,4.87,0,0
10/4/2011,10/5/2011,4.96,4.96,4.96,4.96,0,0
10/3/2011,10/4/2011,5.024,5.024,5.024,5.024,0,0
10/2/2011,10/3/2011,5.027,5.027,5.027,5.027,0,0
10/1/2011,10/2/2011,5.0324,5.0324,5.0324,5.0324,0,0
9/30/2011,10/1/2011,5.1401,5.1401,5.1401,5.1401,0,0
9/29/2011,9/30/2011,4.7794,4.7794,4.7794,4.7794,0,0
9/28/2011,9/29/2011,4.7725,4.7725,4.7725,4.7725,0,0
9/27/2011,9/28/2011,4.9156,4.9156,4.9156,4.9156,0,0
9/26/2011,9/27/2011,4.8697,4.8697,4.8697,4.8697,0,0
9/25/2011,9/26/2011,5.33,5.33,5.33,5.33,0,0
9/24/2011,9/25/2011,5.4683,5.4683,5.4683,5.4683,0,0
9/23/2011,9/24/2011,5.5451,5.5451,5.5451,5.5451,0,0
9/22/2011,9/23/2011,5.4278,5.4278,5.4278,5.4278,0,0
9/21/2011,9/22/2011,5.6114,5.6114,5.6114,5.6114,0,0
9/20/2011,9/21/2011,6.1119,6.1119,6.1119,6.1119,0,0
9/19/2011,9/20/2011,5.46,5.46,5.46,5.46,0,0
9/18/2011,9/19/2011,5.2,5.2,5.2,5.2,0,0
9/17/2011,9/18/2011,4.77,4.77,4.77,4.77,0,0
9/16/2011,9/17/2011,4.82,4.82,4.82,4.82,0,0
9/15/2011,9/16/2011,4.84,4.84,4.84,4.84,0,0
9/14/2011,9/15/2011,5.6193,5.6193,5.6193,5.6193,0,0
9/13/2011,9/14/2011,5.8,5.8,5.8,5.8,0,0
9/12/2011,9/13/2011,6.078,6.078,6.078,6.078,0,0
9/11/2011,9/12/2011,5.8644,5.8644,5.8644,5.8644,0,0
9/10/2011,9/11/2011,4.7739,4.7739,4.7739,4.7739,0,0
9/9/2011,9/10/2011,5.03,5.03,5.03,5.03,0,0
9/8/2011,9/9/2011,6.53,6.53,6.53,6.53,0,0
9/7/2011,9/8/2011,7.1864,7.1864,7.1864,7.1864,0,0
9/6/2011,9/7/2011,6.8628,6.8628,6.8628,6.8628,0,0
9/5/2011,9/6/2011,7.611,7.611,7.611,7.611,0,0
9/4/2011,9/5/2011,8.178,8.178,8.178,8.178,0,0
9/3/2011,9/4/2011,8.48,8.48,8.48,8.48,0,0
9/2/2011,9/3/2011,8.64,8.64,8.64,8.64,0,0
9/1/2011,9/2/2011,8.21,8.21,8.21,8.21,0,0
8/31/2011,9/1/2011,8.1995,8.1995,8.1995,8.1995,0,0
8/30/2011,8/31/2011,8.7913,8.7913,8.7913,8.7913,0,0
8/29/2011,8/30/2011,8.969,8.969,8.969,8.969,0,0
8/28/2011,8/29/2011,9.0701,9.0701,9.0701,9.0701,0,0
8/27/2011,8/28/2011,8.5902,8.5902,8.5902,8.5902,0,0
8/26/2011,8/27/2011,8.1794,8.1794,8.1794,8.1794,0,0
8/25/2011,8/26/2011,9.657,9.657,9.657,9.657,0,0
8/24/2011,8/25/2011,10.8506,10.8506,10.8506,10.8506,0,0
8/23/2011,8/24/2011,10.94,10.94,10.94,10.94,0,0
8/22/2011,8/23/2011,10.895,10.895,10.895,10.895,0,0
8/21/2011,8/22/2011,11.3113,11.3113,11.3113,11.3113,0,0
8/20/2011,8/21/2011,11.453,11.453,11.453,11.453,0,0
8/19/2011,8/20/2011,11.65,11.65,11.65,11.65,0,0
8/18/2011,8/19/2011,10.83,10.83,10.83,10.83,0,0
8/17/2011,8/18/2011,10.9456,10.9456,10.9456,10.9456,0,0
8/16/2011,8/17/2011,10.9641,10.9641,10.9641,10.9641,0,0
8/15/2011,8/16/2011,11.1498,11.1498,11.1498,11.1498,0,0
8/14/2011,8/15/2011,10.7957,10.7957,10.7957,10.7957,0,0
8/13/2011,8/14/2011,10.131,10.131,10.131,10.131,0,0
8/12/2011,8/13/2011,9.4605,9.4605,9.4605,9.4605,0,0
8/11/2011,8/12/2011,9.4625,9.4625,9.4625,9.4625,0,0
8/10/2011,8/11/2011,9.98,9.98,9.98,9.98,0,0
8/9/2011,8/10/2011,9.99,9.99,9.99,9.99,0,0
8/8/2011,8/9/2011,7.7999,7.7999,7.7999,7.7999,0,0
8/7/2011,8/8/2011,7.9,7.9,7.9,7.9,0,0
8/6/2011,8/7/2011,6.55,6.55,6.55,6.55,0,0
8/5/2011,8/6/2011,9.7999,9.7999,9.7999,9.7999,0,0
8/4/2011,8/5/2011,10.75,10.75,10.75,10.75,0,0
8/3/2011,8/4/2011,9.26,9.26,9.26,9.26,0,0
8/2/2011,8/3/2011,12.05,12.05,12.05,12.05,0,0
8/1/2011,8/2/2011,13.0946,13.0946,13.0946,13.0946,0,0
7/31/2011,8/1/2011,13.35,13.35,13.35,13.35,0,0
7/30/2011,7/31/2011,13.5303,13.5303,13.5303,13.5303,0,0
7/29/2011,7/30/2011,13.4983,13.4983,13.4983,13.4983,0,0
7/28/2011,7/29/2011,13.4901,13.4901,13.4901,13.4901,0,0
7/27/2011,7/28/2011,13.9394,13.9394,13.9394,13.9394,0,0
7/26/2011,7/27/2011,13.8821,13.8821,13.8821,13.8821,0,0
7/25/2011,7/26/2011,14.0478,14.0478,14.0478,14.0478,0,0
7/24/2011,7/25/2011,13.98,13.98,13.98,13.98,0,0
7/23/2011,7/24/2011,13.68,13.68,13.68,13.68,0,0
7/22/2011,7/23/2011,13.6954,13.6954,13.6954,13.6954,0,0
7/21/2011,7/22/2011,13.61,13.61,13.61,13.61,0,0
7/20/2011,7/21/2011,13.6894,13.6894,13.6894,13.6894,0,0
7/19/2011,7/20/2011,13.8502,13.8502,13.8502,13.8502,0,0
7/18/2011,7/19/2011,13.48,13.48,13.48,13.48,0,0
7/17/2011,7/18/2011,13.16,13.16,13.16,13.16,0,0
7/16/2011,7/17/2011,13.7191,13.7191,13.7191,13.7191,0,0
7/15/2011,7/16/2011,13.81,13.81,13.81,13.81,0,0
7/14/2011,7/15/2011,13.99,13.99,13.99,13.99,0,0
7/13/2011,7/14/2011,13.951,13.951,13.951,13.951,0,0
7/12/2011,7/13/2011,14.0094,14.0094,14.0094,14.0094,0,0
7/11/2011,7/12/2011,14.2091,14.2091,14.2091,14.2091,0,0
7/10/2011,7/11/2011,14.9,14.9,14.9,14.9,0,0
7/9/2011,7/10/2011,14.38,14.38,14.38,14.38,0,0
7/8/2011,7/9/2011,14.314,14.314,14.314,14.314,0,0
7/7/2011,7/8/2011,14.7761,14.7761,14.7761,14.7761,0,0
7/6/2011,7/7/2011,14.7835,14.7835,14.7835,14.7835,0,0
7/5/2011,7/6/2011,12.9069,12.9069,12.9069,12.9069,0,0
7/4/2011,7/5/2011,13.86,13.86,13.86,13.86,0,0
7/3/2011,7/4/2011,15.4405,15.4405,15.4405,15.4405,0,0
7/2/2011,7/3/2011,15.4,15.4,15.4,15.4,0,0
7/1/2011,7/2/2011,15.397,15.397,15.397,15.397,0,0
6/30/2011,7/1/2011,16.101,16.101,16.101,16.101,0,0
6/29/2011,6/30/2011,16.845,16.845,16.845,16.845,0,0
6/28/2011,6/29/2011,16.9498,16.9498,16.9498,16.9498,0,0
6/27/2011,6/28/2011,16.75,16.75,16.75,16.75,0,0
6/26/2011,6/27/2011,16.45,16.45,16.45,16.45,0,0
6/25/2011,6/26/2011,17.51,17.51,17.51,17.51,0,0
6/24/2011,6/25/2011,17.51,17.51,17.51,17.51,0,0
6/23/2011,6/24/2011,17.51,17.51,17.51,17.51,0,0
6/22/2011,6/23/2011,17.51,17.51,17.51,17.51,0,0
6/21/2011,6/22/2011,17.51,17.51,17.51,17.51,0,0
6/20/2011,6/21/2011,17.51,17.51,17.51,17.51,0,0
6/19/2011,6/20/2011,17.51,17.51,17.51,17.51,0,0
6/18/2011,6/19/2011,16.89,16.89,16.89,16.89,0,0
6/17/2011,6/18/2011,15.681,15.681,15.681,15.681,0,0
6/16/2011,6/17/2011,17,17,17,17,0,0
6/15/2011,6/16/2011,19.49,19.49,19.49,19.49,0,0
6/14/2011,6/15/2011,19.28,19.28,19.28,19.28,0,0
6/13/2011,6/14/2011,19.84,19.84,19.84,19.84,0,0
6/12/2011,6/13/2011,18.5464,18.5464,18.5464,18.5464,0,0
6/11/2011,6/12/2011,14.6511,14.6511,14.6511,14.6511,0,0
6/10/2011,6/11/2011,23.9497,23.9497,23.9497,23.9497,0,0
6/9/2011,6/10/2011,28.919,28.919,28.919,28.919,0,0
6/8/2011,6/9/2011,29.6,29.6,29.6,29.6,0,0
6/7/2011,6/8/2011,23.9234,23.9234,23.9234,23.9234,0,0
6/6/2011,6/7/2011,18.5499,18.5499,18.5499,18.5499,0,0
6/5/2011,6/6/2011,16.7,16.7,16.7,16.7,0,0
6/4/2011,6/5/2011,18.89,18.89,18.89,18.89,0,0
6/3/2011,6/4/2011,14.29,14.29,14.29,14.29,0,0
6/2/2011,6/3/2011,10.6,10.6,10.6,10.6,0,0
6/1/2011,6/2/2011,9.57,9.57,9.57,9.57,0,0
5/31/2011,6/1/2011,8.741,8.741,8.741,8.741,0,0
5/30/2011,5/31/2011,8.8,8.8,8.8,8.8,0,0
5/29/2011,5/30/2011,8.4299,8.4299,8.4299,8.4299,0,0
5/28/2011,5/29/2011,8.3001,8.3001,8.3001,8.3001,0,0
5/27/2011,5/28/2011,8.5002,8.5002,8.5002,8.5002,0,0
5/26/2011,5/27/2011,8.798,8.798,8.798,8.798,0,0
5/25/2011,5/26/2011,8.3997,8.3997,8.3997,8.3997,0,0
5/24/2011,5/25/2011,7.42,7.42,7.42,7.42,0,0
5/23/2011,5/24/2011,7.1499,7.1499,7.1499,7.1499,0,0
5/22/2011,5/23/2011,6.6901,6.6901,6.6901,6.6901,0,0
5/21/2011,5/22/2011,6.1197,6.1197,6.1197,6.1197,0,0
5/20/2011,5/21/2011,5.5904,5.5904,5.5904,5.5904,0,0
5/19/2011,5/20/2011,6.805,6.805,6.805,6.805,0,0
5/18/2011,5/19/2011,6.88,6.88,6.88,6.88,0,0
5/17/2011,5/18/2011,7.19,7.19,7.19,7.19,0,0
5/16/2011,5/17/2011,8.0339,8.0339,8.0339,8.0339,0,0
5/15/2011,5/16/2011,6.987,6.987,6.987,6.987,0,0
5/14/2011,5/15/2011,7.1977,7.1977,7.1977,7.1977,0,0
5/13/2011,5/14/2011,8.198,8.198,8.198,8.198,0,0
5/12/2011,5/13/2011,6.3002,6.3002,6.3002,6.3002,0,0
5/11/2011,5/12/2011,5.5,5.5,5.5,5.5,0,0
5/10/2011,5/11/2011,5.81,5.81,5.81,5.81,0,0
5/9/2011,5/10/2011,3.8,3.8,3.8,3.8,0,0
5/8/2011,5/9/2011,3.8659,3.8659,3.8659,3.8659,0,0
5/7/2011,5/8/2011,3.641,3.641,3.641,3.641,0,0
5/6/2011,5/7/2011,3.45,3.45,3.45,3.45,0,0
5/5/2011,5/6/2011,3.333,3.333,3.333,3.333,0,0
5/4/2011,5/5/2011,3.4061,3.4061,3.4061,3.4061,0,0
5/3/2011,5/4/2011,3.41,3.41,3.41,3.41,0,0
5/2/2011,5/3/2011,3.2,3.2,3.2,3.2,0,0
5/1/2011,5/2/2011,3.0331,3.0331,3.0331,3.0331,0,0
4/30/2011,5/1/2011,3.5,3.5,3.5,3.5,0,0
4/29/2011,4/30/2011,2.88,2.88,2.88,2.88,0,0
4/28/2011,4/29/2011,2.2106,2.2106,2.2106,2.2106,0,0
4/27/2011,4/28/2011,1.9,1.9,1.9,1.9,0,0
4/26/2011,4/27/2011,1.7949,1.7949,1.7949,1.7949,0,0
4/25/2011,4/26/2011,1.559,1.559,1.559,1.559,0,0
4/24/2011,4/25/2011,1.6301,1.6301,1.6301,1.6301,0,0
4/23/2011,4/24/2011,1.7001,1.7001,1.7001,1.7001,0,0
4/22/2011,4/23/2011,1.409,1.409,1.409,1.409,0,0
4/21/2011,4/22/2011,1.21,1.21,1.21,1.21,0,0
4/20/2011,4/21/2011,1.1421,1.1421,1.1421,1.1421,0,0
4/19/2011,4/20/2011,1.1979,1.1979,1.1979,1.1979,0,0
4/18/2011,4/19/2011,1.162,1.162,1.162,1.162,0,0
4/17/2011,4/18/2011,1.1123,1.1123,1.1123,1.1123,0,0
4/16/2011,4/17/2011,1.0499,1.0499,1.0499,1.0499,0,0
4/15/2011,4/16/2011,0.9899,0.9899,0.9899,0.9899,0,0
4/14/2011,4/15/2011,1,1,1,1,0,0
4/13/2011,4/14/2011,0.9225,0.9225,0.9225,0.9225,0,0
4/12/2011,4/13/2011,0.86,0.86,0.86,0.86,0,0
4/11/2011,4/12/2011,0.77,0.77,0.77,0.77,0,0
4/10/2011,4/11/2011,0.7369,0.7369,0.7369,0.7369,0,0
4/9/2011,4/10/2011,0.73,0.73,0.73,0.73,0,0
4/8/2011,4/9/2011,0.75,0.75,0.75,0.75,0,0
4/7/2011,4/8/2011,0.7538,0.7538,0.7538,0.7538,0,0
4/6/2011,4/7/2011,0.74,0.74,0.74,0.74,0,0
4/5/2011,4/6/2011,0.71,0.71,0.71,0.71,0,0
4/4/2011,4/5/2011,0.68,0.68,0.68,0.68,0,0
4/3/2011,4/4/2011,0.779,0.779,0.779,0.779,0,0
4/2/2011,4/3/2011,0.782,0.782,0.782,0.782,0,0
4/1/2011,4/2/2011,0.7741,0.7741,0.7741,0.7741,0,0
3/31/2011,4/1/2011,0.7846,0.7846,0.7846,0.7846,0,0
3/30/2011,3/31/2011,0.7897,0.7897,0.7897,0.7897,0,0
3/29/2011,3/30/2011,0.7925,0.7925,0.7925,0.7925,0,0
3/28/2011,3/29/2011,0.799,0.799,0.799,0.799,0,0
3/27/2011,3/28/2011,0.82,0.82,0.82,0.82,0,0
3/26/2011,3/27/2011,0.8552,0.8552,0.8552,0.8552,0,0
3/25/2011,3/26/2011,0.8838,0.8838,0.8838,0.8838,0,0
3/24/2011,3/25/2011,0.8669,0.8669,0.8669,0.8669,0,0
3/23/2011,3/24/2011,0.8497,0.8497,0.8497,0.8497,0,0
3/22/2011,3/23/2011,0.809,0.809,0.809,0.809,0,0
3/21/2011,3/22/2011,0.759,0.759,0.759,0.759,0,0
3/20/2011,3/21/2011,0.7411,0.7411,0.7411,0.7411,0,0
3/19/2011,3/20/2011,0.765,0.765,0.765,0.765,0,0
3/18/2011,3/19/2011,0.8165,0.8165,0.8165,0.8165,0,0
3/17/2011,3/18/2011,0.8254,0.8254,0.8254,0.8254,0,0
3/16/2011,3/17/2011,0.86,0.86,0.86,0.86,0,0
3/15/2011,3/16/2011,0.87,0.87,0.87,0.87,0,0
3/14/2011,3/15/2011,0.8949,0.8949,0.8949,0.8949,0,0
3/13/2011,3/14/2011,0.8925,0.8925,0.8925,0.8925,0,0
3/12/2011,3/13/2011,0.918,0.918,0.918,0.918,0,0
3/11/2011,3/12/2011,0.88,0.88,0.88,0.88,0,0
3/10/2011,3/11/2011,0.9329,0.9329,0.9329,0.9329,0,0
3/9/2011,3/10/2011,0.8645,0.8645,0.8645,0.8645,0,0
3/8/2011,3/9/2011,0.87,0.87,0.87,0.87,0,0
3/7/2011,3/8/2011,0.885,0.885,0.885,0.885,0,0
3/6/2011,3/7/2011,0.8999,0.8999,0.8999,0.8999,0,0
3/5/2011,3/6/2011,0.9103,0.9103,0.9103,0.9103,0,0
3/4/2011,3/5/2011,0.901,0.901,0.901,0.901,0,0
3/3/2011,3/4/2011,0.9391,0.9391,0.9391,0.9391,0,0
3/2/2011,3/3/2011,0.9399,0.9399,0.9399,0.9399,0,0
3/1/2011,3/2/2011,0.9202,0.9202,0.9202,0.9202,0,0
2/28/2011,3/1/2011,0.86,0.86,0.86,0.86,0,0
2/27/2011,2/28/2011,0.89,0.89,0.89,0.89,0,0
2/26/2011,2/27/2011,0.958,0.958,0.958,0.958,0,0
2/25/2011,2/26/2011,0.9111,0.9111,0.9111,0.9111,0,0
2/24/2011,2/25/2011,0.9974,0.9974,0.9974,0.9974,0,0
2/23/2011,2/24/2011,0.9,0.9,0.9,0.9,0,0
2/22/2011,2/23/2011,0.8702,0.8702,0.8702,0.8702,0,0
2/21/2011,2/22/2011,0.8345,0.8345,0.8345,0.8345,0,0
2/20/2011,2/21/2011,0.85,0.85,0.85,0.85,0,0
2/19/2011,2/20/2011,0.949,0.949,0.949,0.949,0,0
2/18/2011,2/19/2011,0.8989,0.8989,0.8989,0.8989,0,0
2/17/2011,2/18/2011,1.04,1.04,1.04,1.04,0,0
2/16/2011,2/17/2011,1.045,1.045,1.045,1.045,0,0
2/15/2011,2/16/2011,1.05,1.05,1.05,1.05,0,0
2/14/2011,2/15/2011,1.07,1.07,1.07,1.07,0,0
2/13/2011,2/14/2011,1.05,1.05,1.05,1.05,0,0
2/12/2011,2/13/2011,1.0799,1.0799,1.0799,1.0799,0,0
2/11/2011,2/12/2011,1.07,1.07,1.07,1.07,0,0
2/10/2011,2/11/2011,0.9803,0.9803,0.9803,0.9803,0,0
2/9/2011,2/10/2011,1.09,1.09,1.09,1.09,0,0
2/8/2011,2/9/2011,0.918,0.918,0.918,0.918,0,0
2/7/2011,2/8/2011,0.89,0.89,0.89,0.89,0,0
2/6/2011,2/7/2011,0.8997,0.8997,0.8997,0.8997,0,0
2/5/2011,2/6/2011,0.92,0.92,0.92,0.92,0,0
2/4/2011,2/5/2011,0.811,0.811,0.811,0.811,0,0
2/3/2011,2/4/2011,0.69,0.69,0.69,0.69,0,0
2/2/2011,2/3/2011,0.716,0.716,0.716,0.716,0,0
2/1/2011,2/2/2011,0.7,0.7,0.7,0.7,0,0
1/31/2011,2/1/2011,0.52,0.52,0.52,0.52,0,0
1/30/2011,1/31/2011,0.4799,0.4799,0.4799,0.4799,0,0
1/29/2011,1/30/2011,0.439,0.439,0.439,0.439,0,0
1/28/2011,1/29/2011,0.446,0.446,0.446,0.446,0,0
1/27/2011,1/28/2011,0.4212,0.4212,0.4212,0.4212,0,0
1/26/2011,1/27/2011,0.417,0.417,0.417,0.417,0,0
1/25/2011,1/26/2011,0.41,0.41,0.41,0.41,0,0
1/24/2011,1/25/2011,0.4199,0.4199,0.4199,0.4199,0,0
1/23/2011,1/24/2011,0.4424,0.4424,0.4424,0.4424,0,0
1/22/2011,1/23/2011,0.4443,0.4443,0.4443,0.4443,0,0
1/21/2011,1/22/2011,0.4199,0.4199,0.4199,0.4199,0,0
1/20/2011,1/21/2011,0.39,0.39,0.39,0.39,0,0
1/19/2011,1/20/2011,0.313,0.313,0.313,0.313,0,0
1/18/2011,1/19/2011,0.313,0.313,0.313,0.313,0,0
1/17/2011,1/18/2011,0.3495,0.3495,0.3495,0.3495,0,0
1/16/2011,1/17/2011,0.3868,0.3868,0.3868,0.3868,0,0
1/15/2011,1/16/2011,0.386,0.386,0.386,0.386,0,0
1/14/2011,1/15/2011,0.4,0.4,0.4,0.4,0,0
1/13/2011,1/14/2011,0.3176,0.3176,0.3176,0.3176,0,0
1/12/2011,1/13/2011,0.3188,0.3188,0.3188,0.3188,0,0
1/11/2011,1/12/2011,0.3266,0.3266,0.3266,0.3266,0,0
1/10/2011,1/11/2011,0.3266,0.3266,0.3266,0.3266,0,0
1/9/2011,1/10/2011,0.323,0.323,0.323,0.323,0,0
1/8/2011,1/9/2011,0.3229,0.3229,0.3229,0.3229,0,0
1/7/2011,1/8/2011,0.32,0.32,0.32,0.32,0,0
1/6/2011,1/7/2011,0.298,0.298,0.298,0.298,0,0
1/5/2011,1/6/2011,0.299,0.299,0.299,0.299,0,0
1/4/2011,1/5/2011,0.299,0.299,0.299,0.299,0,0
1/3/2011,1/4/2011,0.295,0.295,0.295,0.295,0,0
1/2/2011,1/3/2011,0.3,0.3,0.3,0.3,0,0
1/1/2011,1/2/2011,0.3,0.3,0.3,0.3,0,0
12/31/2010,1/1/2011,0.3,0.3,0.3,0.3,0,0
12/30/2010,12/31/2010,0.3,0.3,0.3,0.3,0,0
12/29/2010,12/30/2010,0.3,0.3,0.3,0.3,0,0
12/28/2010,12/29/2010,0.281,0.281,0.281,0.281,0,0
12/27/2010,12/28/2010,0.265,0.265,0.265,0.265,0,0
12/26/2010,12/27/2010,0.265,0.265,0.265,0.265,0,0
12/25/2010,12/26/2010,0.2499,0.2499,0.2499,0.2499,0,0
12/24/2010,12/25/2010,0.248,0.248,0.248,0.248,0,0
12/23/2010,12/24/2010,0.25,0.25,0.25,0.25,0,0
12/22/2010,12/23/2010,0.25,0.25,0.25,0.25,0,0
12/21/2010,12/22/2010,0.24,0.24,0.24,0.24,0,0
12/20/2010,12/21/2010,0.267,0.267,0.267,0.267,0,0
12/19/2010,12/20/2010,0.2401,0.2401,0.2401,0.2401,0,0
12/18/2010,12/19/2010,0.241,0.241,0.241,0.241,0,0
12/17/2010,12/18/2010,0.24,0.24,0.24,0.24,0,0
12/16/2010,12/17/2010,0.25,0.25,0.25,0.25,0,0
12/15/2010,12/16/2010,0.238,0.238,0.238,0.238,0,0
12/14/2010,12/15/2010,0.2467,0.2467,0.2467,0.2467,0,0
12/13/2010,12/14/2010,0.2299,0.2299,0.2299,0.2299,0,0
12/12/2010,12/13/2010,0.22,0.22,0.22,0.22,0,0
12/11/2010,12/12/2010,0.228,0.228,0.228,0.228,0,0
12/10/2010,12/11/2010,0.204,0.204,0.204,0.204,0,0
12/9/2010,12/10/2010,0.2,0.2,0.2,0.2,0,0
12/8/2010,12/9/2010,0.2388,0.2388,0.2388,0.2388,0,0
12/7/2010,12/8/2010,0.233,0.233,0.233,0.233,0,0
12/6/2010,12/7/2010,0.204,0.204,0.204,0.204,0,0
12/5/2010,12/6/2010,0.19,0.19,0.19,0.19,0,0
12/4/2010,12/5/2010,0.205,0.205,0.205,0.205,0,0
12/3/2010,12/4/2010,0.2511,0.2511,0.2511,0.2511,0,0
12/2/2010,12/3/2010,0.255,0.255,0.255,0.255,0,0
12/1/2010,12/2/2010,0.2275,0.2275,0.2275,0.2275,0,0
11/30/2010,12/1/2010,0.2082,0.2082,0.2082,0.2082,0,0
11/29/2010,11/30/2010,0.2299,0.2299,0.2299,0.2299,0,0
11/28/2010,11/29/2010,0.27,0.27,0.27,0.27,0,0
11/27/2010,11/28/2010,0.283,0.283,0.283,0.283,0,0
11/26/2010,11/27/2010,0.2844,0.2844,0.2844,0.2844,0,0
11/25/2010,11/26/2010,0.28,0.28,0.28,0.28,0,0
11/24/2010,11/25/2010,0.283,0.283,0.283,0.283,0,0
11/23/2010,11/24/2010,0.283,0.283,0.283,0.283,0,0
11/22/2010,11/23/2010,0.2879,0.2879,0.2879,0.2879,0,0
11/21/2010,11/22/2010,0.2768,0.2768,0.2768,0.2768,0,0
11/20/2010,11/21/2010,0.283,0.283,0.283,0.283,0,0
11/19/2010,11/20/2010,0.28,0.28,0.28,0.28,0,0
11/18/2010,11/19/2010,0.2678,0.2678,0.2678,0.2678,0,0
11/17/2010,11/18/2010,0.2299,0.2299,0.2299,0.2299,0,0
11/16/2010,11/17/2010,0.223,0.223,0.223,0.223,0,0
11/15/2010,11/16/2010,0.2682,0.2682,0.2682,0.2682,0,0
11/14/2010,11/15/2010,0.279,0.279,0.279,0.279,0,0
11/13/2010,11/14/2010,0.276,0.276,0.276,0.276,0,0
11/12/2010,11/13/2010,0.2682,0.2682,0.2682,0.2682,0,0
11/11/2010,11/12/2010,0.2231,0.2231,0.2231,0.2231,0,0
11/10/2010,11/11/2010,0.24,0.24,0.24,0.24,0,0
11/9/2010,11/10/2010,0.21,0.21,0.21,0.21,0,0
11/8/2010,11/9/2010,0.243,0.243,0.243,0.243,0,0
11/7/2010,11/8/2010,0.34,0.34,0.34,0.34,0,0
11/6/2010,11/7/2010,0.39,0.39,0.39,0.39,0,0
11/5/2010,11/6/2010,0.26,0.26,0.26,0.26,0,0
11/4/2010,11/5/2010,0.23,0.23,0.23,0.23,0,0
11/3/2010,11/4/2010,0.1931,0.1931,0.1931,0.1931,0,0
11/2/2010,11/3/2010,0.1938,0.1938,0.1938,0.1938,0,0
11/1/2010,11/2/2010,0.1955,0.1955,0.1955,0.1955,0,0
10/31/2010,11/1/2010,0.1925,0.1925,0.1925,0.1925,0,0
10/30/2010,10/31/2010,0.1989,0.1989,0.1989,0.1989,0,0
10/29/2010,10/30/2010,0.19,0.19,0.19,0.19,0,0
10/28/2010,10/29/2010,0.1731,0.1731,0.1731,0.1731,0,0
10/27/2010,10/28/2010,0.1877,0.1877,0.1877,0.1877,0,0
10/26/2010,10/27/2010,0.1503,0.1503,0.1503,0.1503,0,0
10/25/2010,10/26/2010,0.132,0.132,0.132,0.132,0,0
10/24/2010,10/25/2010,0.115,0.115,0.115,0.115,0,0
10/23/2010,10/24/2010,0.1055,0.1055,0.1055,0.1055,0,0
10/22/2010,10/23/2010,0.1025,0.1025,0.1025,0.1025,0,0
10/21/2010,10/22/2010,0.107,0.107,0.107,0.107,0,0
10/20/2010,10/21/2010,0.099,0.099,0.099,0.099,0,0
10/19/2010,10/20/2010,0.097,0.097,0.097,0.097,0,0
10/18/2010,10/19/2010,0.1024,0.1024,0.1024,0.1024,0,0
10/17/2010,10/18/2010,0.102,0.102,0.102,0.102,0,0
10/16/2010,10/17/2010,0.101,0.101,0.101,0.101,0,0
10/15/2010,10/16/2010,0.105,0.105,0.105,0.105,0,0
10/14/2010,10/15/2010,0.102,0.102,0.102,0.102,0,0
10/13/2010,10/14/2010,0.105,0.105,0.105,0.105,0,0
10/12/2010,10/13/2010,0.0949,0.0949,0.0949,0.0949,0,0
10/11/2010,10/12/2010,0.095,0.095,0.095,0.095,0,0
10/10/2010,10/11/2010,0.0965,0.0965,0.0965,0.0965,0,0
10/9/2010,10/10/2010,0.0938,0.0938,0.0938,0.0938,0,0
10/8/2010,10/9/2010,0.0869,0.0869,0.0869,0.0869,0,0
10/7/2010,10/8/2010,0.067,0.067,0.067,0.067,0,0
10/6/2010,10/7/2010,0.0628,0.0628,0.0628,0.0628,0,0
10/5/2010,10/6/2010,0.0614,0.0614,0.0614,0.0614,0,0
10/4/2010,10/5/2010,0.0613,0.0613,0.0613,0.0613,0,0
10/3/2010,10/4/2010,0.0611,0.0611,0.0611,0.0611,0,0
10/2/2010,10/3/2010,0.0614,0.0614,0.0614,0.0614,0,0
10/1/2010,10/2/2010,0.062,0.062,0.062,0.062,0,0
9/30/2010,10/1/2010,0.0619,0.0619,0.0619,0.0619,0,0
9/29/2010,9/30/2010,0.0619,0.0619,0.0619,0.0619,0,0
9/28/2010,9/29/2010,0.0619,0.0619,0.0619,0.0619,0,0
9/27/2010,9/28/2010,0.0622,0.0622,0.0622,0.0622,0,0
9/26/2010,9/27/2010,0.062,0.062,0.062,0.062,0,0
9/25/2010,9/26/2010,0.062,0.062,0.062,0.062,0,0
9/24/2010,9/25/2010,0.0622,0.0622,0.0622,0.0622,0,0
9/23/2010,9/24/2010,0.0623,0.0623,0.0623,0.0623,0,0
9/22/2010,9/23/2010,0.0622,0.0622,0.0622,0.0622,0,0
9/21/2010,9/22/2010,0.0627,0.0627,0.0627,0.0627,0,0
9/20/2010,9/21/2010,0.0621,0.0621,0.0621,0.0621,0,0
9/19/2010,9/20/2010,0.0627,0.0627,0.0627,0.0627,0,0
9/18/2010,9/19/2010,0.061,0.061,0.061,0.061,0,0
9/17/2010,9/18/2010,0.059,0.059,0.059,0.059,0,0
9/16/2010,9/17/2010,0.0619,0.0619,0.0619,0.0619,0,0
9/15/2010,9/16/2010,0.0604,0.0604,0.0604,0.0604,0,0
9/14/2010,9/15/2010,0.062,0.062,0.062,0.062,0,0
9/13/2010,9/14/2010,0.0622,0.0622,0.0622,0.0622,0,0
9/12/2010,9/13/2010,0.0615,0.0615,0.0615,0.0615,0,0
9/11/2010,9/12/2010,0.0637,0.0637,0.0637,0.0637,0,0
9/10/2010,9/11/2010,0.0618,0.0618,0.0618,0.0618,0,0
9/9/2010,9/10/2010,0.0611,0.0611,0.0611,0.0611,0,0
9/8/2010,9/9/2010,0.062,0.062,0.062,0.062,0,0
9/7/2010,9/8/2010,0.061,0.061,0.061,0.061,0,0
9/6/2010,9/7/2010,0.0616,0.0616,0.0616,0.0616,0,0
9/5/2010,9/6/2010,0.0616,0.0616,0.0616,0.0616,0,0
9/4/2010,9/5/2010,0.0624,0.0624,0.0624,0.0624,0,0
9/3/2010,9/4/2010,0.0609,0.0609,0.0609,0.0609,0,0
9/2/2010,9/3/2010,0.0634,0.0634,0.0634,0.0634,0,0
9/1/2010,9/2/2010,0.0629,0.0629,0.0629,0.0629,0,0
8/31/2010,9/1/2010,0.06,0.06,0.06,0.06,0,0
8/30/2010,8/31/2010,0.065,0.065,0.065,0.065,0,0
8/29/2010,8/30/2010,0.064,0.064,0.064,0.064,0,0
8/28/2010,8/29/2010,0.0641,0.0641,0.0641,0.0641,0,0
8/27/2010,8/28/2010,0.065,0.065,0.065,0.065,0,0
8/26/2010,8/27/2010,0.064,0.064,0.064,0.064,0,0
8/25/2010,8/26/2010,0.0648,0.0648,0.0648,0.0648,0,0
8/24/2010,8/25/2010,0.065,0.065,0.065,0.065,0,0
8/23/2010,8/24/2010,0.0649,0.0649,0.0649,0.0649,0,0
8/22/2010,8/23/2010,0.066,0.066,0.066,0.066,0,0
8/21/2010,8/22/2010,0.0664,0.0664,0.0664,0.0664,0,0
8/20/2010,8/21/2010,0.0655,0.0655,0.0655,0.0655,0,0
8/19/2010,8/20/2010,0.0667,0.0667,0.0667,0.0667,0,0
8/18/2010,8/19/2010,0.068,0.068,0.068,0.068,0,0
8/17/2010,8/18/2010,0.07,0.07,0.07,0.07,0,0
8/16/2010,8/17/2010,0.0655,0.0655,0.0655,0.0655,0,0
8/15/2010,8/16/2010,0.0653,0.0653,0.0653,0.0653,0,0
8/14/2010,8/15/2010,0.067,0.067,0.067,0.067,0,0
8/13/2010,8/14/2010,0.0645,0.0645,0.0645,0.0645,0,0
8/12/2010,8/13/2010,0.07,0.07,0.07,0.07,0,0
8/11/2010,8/12/2010,0.067,0.067,0.067,0.067,0,0
8/10/2010,8/11/2010,0.07,0.07,0.07,0.07,0,0
8/9/2010,8/10/2010,0.071,0.071,0.071,0.071,0,0
8/8/2010,8/9/2010,0.0609,0.0609,0.0609,0.0609,0,0
8/7/2010,8/8/2010,0.059,0.059,0.059,0.059,0,0
8/6/2010,8/7/2010,0.0623,0.0623,0.0623,0.0623,0,0
8/5/2010,8/6/2010,0.061,0.061,0.061,0.061,0,0
8/4/2010,8/5/2010,0.057,0.057,0.057,0.057,0,0
8/3/2010,8/4/2010,0.06,0.06,0.06,0.06,0,0
8/2/2010,8/3/2010,0.06,0.06,0.06,0.06,0,0
8/1/2010,8/2/2010,0.0611,0.0611,0.0611,0.0611,0,0
7/31/2010,8/1/2010,0.0679,0.0679,0.0679,0.0679,0,0
7/30/2010,7/31/2010,0.0627,0.0627,0.0627,0.0627,0,0
7/29/2010,7/30/2010,0.0699,0.0699,0.0699,0.0699,0,0
7/28/2010,7/29/2010,0.0589,0.0589,0.0589,0.0589,0,0
7/27/2010,7/28/2010,0.06,0.06,0.06,0.06,0,0
7/26/2010,7/27/2010,0.056,0.056,0.056,0.056,0,0
7/25/2010,7/26/2010,0.0505,0.0505,0.0505,0.0505,0,0
7/24/2010,7/25/2010,0.0545,0.0545,0.0545,0.0545,0,0
7/23/2010,7/24/2010,0.0626,0.0626,0.0626,0.0626,0,0
7/22/2010,7/23/2010,0.0505,0.0505,0.0505,0.0505,0,0
7/21/2010,7/22/2010,0.0792,0.0792,0.0792,0.0792,0,0
7/20/2010,7/21/2010,0.0747,0.0747,0.0747,0.0747,0,0
7/19/2010,7/20/2010,0.0808,0.0808,0.0808,0.0808,0,0
7/18/2010,7/19/2010,0.0858,0.0858,0.0858,0.0858,0,0
7/17/2010,7/18/2010,0.05,0.05,0.05,0.05,0,0
